"household_type","dwelling","census_place","film","reference_type","reference_volume_or_piece","folio","enumeration_district","page","name","marital_status","age","sex","birthplace","relationship","occupation"
"Dwelling","4 North Side Union St","St Peter-Port, Guernsey, England","1342352","PRO","5625","71",,"12","John D. PRIAULX","M","49","M","St Peters Port, Guernsey, Channel Islands","Head","Builder Employing 5 Men 3 Apr"
"Dwelling","4 North Side Union St","St Peter-Port, Guernsey, England","1342352","PRO","5625","71",,"12","Amelia PRIAULX","M","47","F","St Peters Port, Guernsey, Channel Islands","Wife",""
"Dwelling","4 North Side Union St","St Peter-Port, Guernsey, England","1342352","PRO","5625","71",,"12","John E. PRIAULX","U","20","M","St Anns, Alderney, Guernsey, Channel Islands","Son","Carpenter"
"Dwelling","4 North Side Union St","St Peter-Port, Guernsey, England","1342352","PRO","5625","71",,"12","Louisa E. PRIAULX","U","18","F","St Peters Port, Guernsey, Channel Islands","Daur","Grocer Assistant"
"Dwelling","4 North Side Union St","St Peter-Port, Guernsey, England","1342352","PRO","5625","71",,"12","Edith D. PRIAULX","U","16","F","St Peters Port, Guernsey, Channel Islands","Daur","Fancy Shop Assistant (Gen)"
"Dwelling","4 North Side Union St","St Peter-Port, Guernsey, England","1342352","PRO","5625","71",,"12","Amy B. PRIAULX","","14","F","St Peters Port, Guernsey, Channel Islands","Daur",""
"Dwelling","4 North Side Union St","St Peter-Port, Guernsey, England","1342352","PRO","5625","71",,"12","Agnes N. PRIAULX","","12","F","St Peters Port, Guernsey, Channel Islands","Daur","Scholar"
"Dwelling","4 North Side Union St","St Peter-Port, Guernsey, England","1342352","PRO","5625","71",,"12","William A. PRIAULX","","11","M","St Peters Port, Guernsey, Channel Islands","Son","Scholar"
"Dwelling","4 North Side Union St","St Peter-Port, Guernsey, England","1342352","PRO","5625","71",,"12","Kate E. PRIAULX","","4","F","St Peters Port, Guernsey, Channel Islands","Daur",""
"Dwelling","4 North Side Union St","St Peter-Port, Guernsey, England","1342352","PRO","5625","71",,"12","Charlotte WHITFORD","W","76","F","St Peters Port, Guernsey, Channel Islands","Mother In Law",""
"Institution","""Union Workhouse"" Workhouse Lane","Berwick Upon Tweed, Northumberland, England","1342238","PRO","5129","54",,"14","Mary A. KERRY","U","75","F","","Inmate	Handicap: Imbecile",""
"Institution","""Union Workhouse"" Workhouse Lane","Berwick Upon Tweed, Northumberland, England","1342238","PRO","5129","54",,"14","Margt. TURNBULL","U","51","F","New Heaton, Northumberland, England","Inmate	Handicap: Imbecile","Fieldworker"
"Institution","""Union Workhouse"" Workhouse Lane","Berwick Upon Tweed, Northumberland, England","1342238","PRO","5129","54",,"14","Ann WATT","W","85","F","Shoreswood, Northumberland, England","Inmate",""
"Institution","""Union Workhouse"" Workhouse Lane","Berwick Upon Tweed, Northumberland, England","1342238","PRO","5129","54",,"14","J. RICHARDSON","W","68","M","Spittal, Northumberland, England","Inmate","Coal Miner"
"Institution","""Union Workhouse"" Workhouse Lane","Berwick Upon Tweed, Northumberland, England","1342238","PRO","5129","54",,"14","Geo. CAMPELL","U","40","M","Spittal, Northumberland, England","Inmate	Handicap: Imbecile","General Labourer"
"Institution","""Union Workhouse"" Workhouse Lane","Berwick Upon Tweed, Northumberland, England","1342238","PRO","5129","54",,"14","Bridget ROBERTSON","M","43","F","Ireland","Inmate	Handicap: Imbecile",""
"Institution","""Union Workhouse"" Workhouse Lane","Berwick Upon Tweed, Northumberland, England","1342238","PRO","5129","54",,"14","Jno. MARLOW","W","79","M","Scotland","Inmate","Shoemaker"
"Institution","""Union Workhouse"" Workhouse Lane","Berwick Upon Tweed, Northumberland, England","1342238","PRO","5129","54",,"14","James WHITEFORD","W","73","M","Spittal, Northumberland, England","Inmate","Fisherman"
"Institution","""Union Workhouse"" Workhouse Lane","Berwick Upon Tweed, Northumberland, England","1342238","PRO","5129","54",,"14","Christ. BRYSON","W","65","M","Ord, Northumberland, England","Inmate	Handicap: Imbecile","Farm Labourer"
"Institution","""Union Workhouse"" Workhouse Lane","Berwick Upon Tweed, Northumberland, England","1342238","PRO","5129","54",,"14","Mary HOGG","U","70","F","Ban... Building, Northumberland, England","Inmate","Dress Maker"
"Institution","""Union Workhouse"" Workhouse Lane","Berwick Upon Tweed, Northumberland, England","1342238","PRO","5129","54",,"14","John DUMBLE","U","42","M","Tweedmouth, Northumberland, England","Inmate	Handicap: Imbecile","General Labourer"
"Institution","""Union Workhouse"" Workhouse Lane","Berwick Upon Tweed, Northumberland, England","1342238","PRO","5129","54",,"14","Francis ELLIOTT","W","74","M","Spittal, Northumberland, England","Inmate","Fisherman"
"Institution","""Union Workhouse"" Workhouse Lane","Berwick Upon Tweed, Northumberland, England","1342238","PRO","5129","54",,"14","Dorothy SCOTT","U","38","F","Spittal, Northumberland, England","Inmate	Handicap: Imbecile","Fieldworker"
"Institution","""Union Workhouse"" Workhouse Lane","Berwick Upon Tweed, Northumberland, England","1342238","PRO","5129","54",,"14","James WOOD","W","72","M","Spittal, Northumberland, England","Inmate","Harbour Pilot"
"Institution","""Union Workhouse"" Workhouse Lane","Berwick Upon Tweed, Northumberland, England","1342238","PRO","5129","54",,"14","Wm. JOHNSON","W","54","M","Berwick, Northumberland, England","Inmate","Moulder"
"Institution","""Union Workhouse"" Workhouse Lane","Berwick Upon Tweed, Northumberland, England","1342238","PRO","5129","54",,"14","Furtone DAVIDSON","W","76","F","Berwick, Northumberland, England","Inmate	Handicap: Imbecile",""
"Institution","""Union Workhouse"" Workhouse Lane","Berwick Upon Tweed, Northumberland, England","1342238","PRO","5129","54",,"14","Jane RICHARDSON","U","23","F","Scremerston, Northumberland, England","Inmate","General Domestic Servant"
"Institution","""Union Workhouse"" Workhouse Lane","Berwick Upon Tweed, Northumberland, England","1342238","PRO","5129","54",,"14","Jane RICHARDSON","","5","m","F	Berwick, Northumberland, England","Inmate",""
"Institution","""Union Workhouse"" Workhouse Lane","Berwick Upon Tweed, Northumberland, England","1342238","PRO","5129","54",,"14","Geo. RICHARDSON","","3","M","Berwick, Northumberland, England","Inmate",""
"Institution","""Union Workhouse"" Workhouse Lane","Berwick Upon Tweed, Northumberland, England","1342238","PRO","5129","54",,"14","John BROWN","U","37","M","Goswick, Northumberland, England","Inmate	Handicap: Imbecile",""
"Institution","""Union Workhouse"" Workhouse Lane","Berwick Upon Tweed, Northumberland, England","1342238","PRO","5129","54",,"14","John RICHARDSON","","12","M","Scremerston, Northumberland, England","Inmate	Handicap: Imbecile",""
"Institution","""Union Workhouse"" Workhouse Lane","Berwick Upon Tweed, Northumberland, England","1342238","PRO","5129","54",,"14","Michael IRVING","U","78","M","Ireland","Inmate","Coal Labourer"
"Institution","""Union Workhouse"" Workhouse Lane","Berwick Upon Tweed, Northumberland, England","1342238","PRO","5129","54",,"14","Richard GARDNER","U","48","M","Holy Island, Northumberland, England","Inmate",""
"Institution","""Union Workhouse"" Workhouse Lane","Berwick Upon Tweed, Northumberland, England","1342238","PRO","5129","54",,"14","Wm. BARTRAM","U","64","M","Middle Ord, Northumberland, England","Inmate	Handicap: Imbecile","Farm Labourer"
"Dwelling","Cliff St ""Ter"" House No 2","St Peter-Port, Guernsey, England","1342352","PRO","5627","18",,"29","Richard M. WHITFORD","W","66","M","St Peter Port, Guernsey, Channel Islands","Head","Pilot"
"Dwelling","Cliff St ""Ter"" House No 2","St Peter-Port, Guernsey, England","1342352","PRO","5627","18",,"29","Peter Geo. WHITFORD","U","33","M","St Peter Port, Guernsey, Channel Islands","Son","Printer Compositer"
"Dwelling","Cliff St ""Ter"" House No 2","St Peter-Port, Guernsey, England","1342352","PRO","5627","18",,"29","Amelia A. WHITFORD","U","41","F","St Peter Port, Guernsey, Channel Islands","Daur","Retired Servant"
"Dwelling","Cliff St ""Ter"" House No 2","St Peter-Port, Guernsey, England","1342352","PRO","5627","18",,"29","Edith E. BARNES","U","31","F","St Peter Port, Guernsey, Channel Islands","Step Daur","Housekeeper"
"Dwelling","219 Portland Rd","Newcastle On Tyne St Andrew, Northumberland, England","1342220","PRO","5057","124",,"25","James WHITEFORD","M","65","M","Newcastle On Tyne","Head","Builder"
"Dwelling","219 Portland Rd","Newcastle On Tyne St Andrew, Northumberland, England","1342220","PRO","5057","124",,"25","Elizabeth WHITEFORD","M","64","F","Newcastle On Tyne","Wife",""
"Dwelling","219 Portland Rd","Newcastle On Tyne St Andrew, Northumberland, England","1342220","PRO","5057","124",,"25","William WHITEFORD","","12","M","Newcastle On Tyne","Nephew",""
"Dwelling","219 Portland Rd","Newcastle On Tyne St Andrew, Northumberland, England","1342220","PRO","5057","124",,"25","George WHITEFORD	O","","1","m","M	Newcastle On Tyne","Nephew",""
"Dwelling","219 Portland Rd","Newcastle On Tyne St Andrew, Northumberland, England","1342220","PRO","5057","124",,"25","Mary YOUNG","U","17","F","Newcastle On Tyne","Serv","Servant Dom"
"Dwelling","11 New Houses","Wallbottle, Northumberland, England","1342231","PRO","5099","5",,"2","Matthew WHITEFORD","M","64","M","Newburn, Northumberland, England","Head","Retired Engineer"
"Dwelling","11 New Houses","Wallbottle, Northumberland, England","1342231","PRO","5099","5",,"2","Robina WHITEFORD","M","59","F","Glderton, Northumberland, England","Wife",""
"Dwelling","Lintz Colliery","Tanfield, Durham, England","1342188","PRO","4942","42",,"21","James T. WHITEFORD","M","31","M","Amble, Northumberland, England","Head","Agent For Coals Cone & Bricks"
"Dwelling","Lintz Colliery","Tanfield, Durham, England","1342188","PRO","4942","42",,"21","Margaret WHITEFORD","M","33","F","Winlaton, Durham, England","Wife","Agents Wife"
"Dwelling","Lintz Colliery","Tanfield, Durham, England","1342188","PRO","4942","42",,"21","Elizabeth A. WHITEFORD","","8","F","Tanfield, Durham, England","Daur","Scholar"
"Dwelling","Lintz Colliery","Tanfield, Durham, England","1342188","PRO","4942","42",,"21","John Robt. WHITEFORD","","7","M","Tanfield, Durham, England","Son","Scholar"
"Dwelling","Lintz Colliery","Tanfield, Durham, England","1342188","PRO","4942","42",,"21","Ethel Isa. WHITEFORD","","5","F","Tanfield, Durham, England","Daur","Scholar"
"Dwelling","Lintz Colliery","Tanfield, Durham, England","1342188","PRO","4942","42",,"21","Elizabeth A. WHITEFORD","W","63","F","Alwinton, Northumberland, England","Mother","Agents Mother"
"Dwelling","Lintz Colliery","Tanfield, Durham, England","1342188","PRO","4942","42",,"21","Elizabeth J. LAWS","U","27","F","Winlaton, Durham, England","Sister In Law",""
"Dwelling","Lintz Colliery","Tanfield, Durham, England","1342188","PRO","4942","42",,"21","Isabella CARR","U","17","F","Burnopfield, Durham, England","Serv","Domestic Servt"
"Dwelling","","Bedlington, Northumberland, England","1342236","PRO","5117","14",,"22","Ann SPOWART","W","53","F","Spittal, Northumberland, England","Head",""
"Dwelling","","Bedlington, Northumberland, England","1342236","PRO","5117","14",,"22","Margaret SPOWART","U","16","F","Bedlington, Northumberland, England","Dau",""
"Dwelling","","Bedlington, Northumberland, England","1342236","PRO","5117","14",,"22","Thomas SPOWART","","14","M","Bedlington, Northumberland, England","Son","Coal Miner"
"Dwelling","","Bedlington, Northumberland, England","1342236","PRO","5117","14",,"22","Alexander WHITEFORD","W","60","M","Spittal, Northumberland, England","Boarder","Coal Miner"
"Dwelling","2 Albert Place","Elswick, Northumberland, England","1342218","PRO","5051","19",,"38","Robert WHITFORD","M","58","M","Newcastle On Tyne, Northumberland, England","Head","Joiner"
"Dwelling","2 Albert Place","Elswick, Northumberland, England","1342218","PRO","5051","19",,"38","Dorothy WHITFORD","M","60","F","Newcastle On Tyne, Northumberland, England","Wife",""
"Dwelling","2 Albert Place","Elswick, Northumberland, England","1342218","PRO","5051","19",,"38","Sarah A. WALLACE","","12","F","Scarboro, York, England","Niece","Scholar"
"Dwelling","Ridsdale Row","Throckley, Northumberland, England","1342231","PRO","5098","122",,"25","Mark WHITEFORD","U","53","M","Newburn, Northumberland, England","Head","Coal Miner"
"Dwelling","Ridsdale Row","Throckley, Northumberland, England","1342231","PRO","5098","122",,"25","Eliz. WHITEFORD","U","59","F","Newburn, Northumberland, England","Sister",""
"Dwelling","No 15 South Burn Ter","Stranton, Durham, England","1342182","PRO","4912","12",,"22","Thomas CAMPBELL","M","57","M","Scotland","Head","Presbyterian Minister"
"Dwelling","No 15 South Burn Ter","Stranton, Durham, England","1342182","PRO","4912","12",,"22","Grace CAMPBELL","M","55","F","Scotland","Wife",""
"Dwelling","No 15 South Burn Ter","Stranton, Durham, England","1342182","PRO","4912","12",,"22","Sarah WHITEFORD","U","53","F","Scotland","Sis In Law","Formerly Teacher"
"Dwelling","No 15 South Burn Ter","Stranton, Durham, England","1342182","PRO","4912","12",,"22","Rebeiah STARK","U","15","F","Filey, York, England","Sevr","Domastic Sevr"
"Dwelling","46 Redheugh Rd","Gateshead, Durham, England","1342213","PRO","5033","117",,"15","William WHITEFORD","M","51","M","Newburn, Northumberland, England","Head","Insurance Agent"
"Dwelling","46 Redheugh Rd","Gateshead, Durham, England","1342213","PRO","5033","117",,"15","Susanna WHITEFORD","M","46","F","B P Auckland, Durham, England","Wife","Insurance Agent Wife"
"Dwelling","46 Redheugh Rd","Gateshead, Durham, England","1342213","PRO","5033","117",,"15","Mary WHITEFORD","U","11","F","Newcastle On Tyne","Daur","Scholar"
"Dwelling","43 Station Street","Hedworth Monkton & Jarrow, Durham, England","1342210","PRO","5025","10",,"13","Edward FRITZE","M","31","M","(British Subject), Denmark","Head","Engine Fitter"
"Dwelling","43 Station Street","Hedworth Monkton & Jarrow, Durham, England","1342210","PRO","5025","10",,"13","Margaret Ann FRITZE","M","26","F","Elswick, Northumberland, England","Wife",""
"Dwelling","43 Station Street","Hedworth Monkton & Jarrow, Durham, England","1342210","PRO","5025","10",,"13","Edward FRITZE","","3","M","Jarrow, Durham, England","Son",""
"Dwelling","43 Station Street","Hedworth Monkton & Jarrow, Durham, England","1342210","PRO","5025","10",,"13","Matthew Whiteford FRITZE","","3","m","M	Jarrow, Durham, England","Son",""
"Dwelling","43 Station Street","Hedworth Monkton & Jarrow, Durham, England","1342210","PRO","5025","10",,"13","Caroline Ann FRITZE","","7","F","Jarrow, Durham, England","Daur",""
"Dwelling","43 Station Street","Hedworth Monkton & Jarrow, Durham, England","1342210","PRO","5025","10",,"13","Isabella FRITZE","","5","F","Jarrow, Durham, England","Daur",""
"Dwelling","43 Station Street","Hedworth Monkton & Jarrow, Durham, England","1342210","PRO","5025","10",,"13","Elizabeth FRITZE","","2","F","Jarrow, Durham, England","Daur",""
"Dwelling","43 Station Street","Hedworth Monkton & Jarrow, Durham, England","1342210","PRO","5025","10",,"13","Matthew WHITEFORD","M","49","M","Felling Shore, Durham, England","Vistor","Coalminer"
"Dwelling","Terrace Row","Cramlington, Northumberland, England","1342230","PRO","5094","46",,"23","Thomas WHITFORD","M","48","M","Tavistock, Devon, England","Head","Coal Miner"
"Dwelling","Terrace Row","Cramlington, Northumberland, England","1342230","PRO","5094","46",,"23","Margret WHITFORD","M","42","F","Whitechurch, Devon, England","Wife",""
"Dwelling","Terrace Row","Cramlington, Northumberland, England","1342230","PRO","5094","46",,"23","Mary Ann WHITFORD","U","22","F","Tavistock, Devon, England","Daur",""
"Dwelling","Terrace Row","Cramlington, Northumberland, England","1342230","PRO","5094","46",,"23","Celia WHITFORD","","13","F","Cramlington, Northumberland, England","Daur","Scholar"
"Dwelling","Terrace Row","Cramlington, Northumberland, England","1342230","PRO","5094","46",,"23","Emma WHITFORD","","11","F","Cramlington, Northumberland, England","Daur",""
"Dwelling","Terrace Row","Cramlington, Northumberland, England","1342230","PRO","5094","46",,"23","Celia HICKS","M","29","F","Whitechurch, Devon, England","Visitor",""
"Dwelling","5 Trumpet Rd","Cleator, Cumberland, England","1342252","PRO","5191","110",,"34","John WHITFORD","M","47","M","Cambourne, Cornwall, England","Head","Iron Ore Miner"
"Dwelling","5 Trumpet Rd","Cleator, Cumberland, England","1342252","PRO","5191","110",,"34","Jane WHITFORD","M","41","F","Cambourne, Cornwall, England","Wife",""
"Dwelling","West Wylam","Prudhoe, Northumberland, England","1342232","PRO","5101","45",,"45","Ann WHITEFORD","M","44","F","Elswick, Northumberland, England","Head","Coal-Miners Wife"
"Dwelling","West Wylam","Prudhoe, Northumberland, England","1342232","PRO","5101","45",,"45","Thomas WHITEFORD","U","20","M","Elswick, Northumberland, England","Son","Coal-Miner"
"Dwelling","West Wylam","Prudhoe, Northumberland, England","1342232","PRO","5101","45",,"45","John F. WHITEFORD","U","17","M","Elswick, Northumberland, England","Son","Joiner (Apprentice)"
"Dwelling","West Wylam","Prudhoe, Northumberland, England","1342232","PRO","5101","45",,"45","Elizabeth WHITEFORD","","5","F","Ovingham, Northumberland, England","Daur",""
"Dwelling","5 Rozel Road","St Peter-Port, Guernsey, England","1342352","PRO","5625","111",,"10","Silas P. WHITFORD","M","43","M","S Peter Port, Guernsey, Channel Islands","Head","Cabinet Maker"
"Dwelling","5 Rozel Road","St Peter-Port, Guernsey, England","1342352","PRO","5625","111",,"10","Louisa WHITFORD","M","43","F","S Peter Port, Guernsey, Channel Islands","Wife",""
"Dwelling","5 Rozel Road","St Peter-Port, Guernsey, England","1342352","PRO","5625","111",,"10","Herbert WHITFORD","","15","M","S Peter Port, Guernsey, Channel Islands","Son","Gardeners Apprentice"
"Dwelling","5 Rozel Road","St Peter-Port, Guernsey, England","1342352","PRO","5625","111",,"10","Louisa WHITFORD","","13","F","S Peter Port, Guernsey, Channel Islands","Daur","Scholar"
"Dwelling","5 Rozel Road","St Peter-Port, Guernsey, England","1342352","PRO","5625","111",,"10","Amy WHITFORD","","11","F","S Peter Port, Guernsey, Channel Islands","Daur","Scholar"
"Dwelling","5 Rozel Road","St Peter-Port, Guernsey, England","1342352","PRO","5625","111",,"10","Emily WHITFORD","","10","F","S Peter Port, Guernsey, Channel Islands","Daur","Scholar"
"Dwelling","5 Rozel Road","St Peter-Port, Guernsey, England","1342352","PRO","5625","111",,"10","Alfred WHITFORD","","7","M","S Peter Port, Guernsey, Channel Islands","Son","Scholar"
"Dwelling","5 Rozel Road","St Peter-Port, Guernsey, England","1342352","PRO","5625","111",,"10","Walter WHITFORD","","6","M","S Peter Port, Guernsey, Channel Islands","Son","Scholar"
"Dwelling","5 Rozel Road","St Peter-Port, Guernsey, England","1342352","PRO","5625","111",,"10","Minnie E. WHITFORD","","1","F","S Peter Port, Guernsey, Channel Islands","Daur",""
"Dwelling","Monk Street","Newcastle On Tyne St John, Northumberland, England","1342221","PRO","5060","149",,"25","Thomas WHITFORD","M","43","M","Newcastle On Tyne","Head","Pork Butcher"
"Dwelling","Monk Street","Newcastle On Tyne St John, Northumberland, England","1342221","PRO","5060","149",,"25","Margart WHITFORD","M","41","F","Branaston","Wife","Pork Butcher Wife"
"Dwelling","Monk Street","Newcastle On Tyne St John, Northumberland, England","1342221","PRO","5060","149",,"25","John D. WHITFORD","U","17","M","Newcastle On Tyne","Son","Horse Shoer (Horse Shoer) (Blacksmith)"
"Dwelling","28 Removed","Bishopwearmouth, Durham, England","1342200","PRO","4989","79",,"63","John P. SHAW","M","45","M","Pensher, Durham, England","Head","Inn Keeper"
"Dwelling","28 Removed","Bishopwearmouth, Durham, England","1342200","PRO","4989","79",,"63","Mary A. SHAW","M","44","F","S Land, Durham, England","Wife",""
"Dwelling","28 Removed","Bishopwearmouth, Durham, England","1342200","PRO","4989","79",,"63","John W.P. SHAW","U","28","M","S Land, Durham, England","Son","Joiner"
"Dwelling","28 Removed","Bishopwearmouth, Durham, England","1342200","PRO","4989","79",,"63","Joseph P. SHAW","U","20","M","S Land, Durham, England","Son","Blacksmith"
"Dwelling","28 Removed","Bishopwearmouth, Durham, England","1342200","PRO","4989","79",,"63","Thomas P. SHAW","U","18","M","S Land, Durham, England","Son","Iron Ship Plater"
"Dwelling","28 Removed","Bishopwearmouth, Durham, England","1342200","PRO","4989","79",,"63","Alice P. SHAW","","11","F","S Land, Durham, England","Daur","Scholar"
"Dwelling","28 Removed","Bishopwearmouth, Durham, England","1342200","PRO","4989","79",,"63","Dorothy WHITEFORD","M","42","F","S Land, Durham, England","Wife","Beerhouse Keeper"
"Dwelling","28 Removed","Bishopwearmouth, Durham, England","1342200","PRO","4989","79",,"63","Sarah E. MILBURN","","16","F","S Land, Durham, England","Daur",""
"Dwelling","28 Removed","Bishopwearmouth, Durham, England","1342200","PRO","4989","79",,"63","James W.S. MILBURN","","12","M","S Land, Durham, England","Son","Scholar"
"Dwelling","28 Removed","Bishopwearmouth, Durham, England","1342200","PRO","4989","79",,"63","George S. MILBURN","","10","M","S Land, Durham, England","Son","Scholar"
"Dwelling","47 St G Esplanade","St Peter-Port, Guernsey, England","1342352","PRO","5624","107",,"13","Richard WHITFORD","M","42","M","St P Port, Guernsey, Channel Islands","Head","Carpenter"
"Dwelling","47 St G Esplanade","St Peter-Port, Guernsey, England","1342352","PRO","5624","107",,"13","Betsey WHITFORD","M","39","F","St P Port, Guernsey, Channel Islands","Wife","Shopkeeper"
"Dwelling","47 St G Esplanade","St Peter-Port, Guernsey, England","1342352","PRO","5624","107",,"13","William WHITFORD","","4","M","St P Port, Guernsey, Channel Islands","Son","Scholar"
"Dwelling","47 St G Esplanade","St Peter-Port, Guernsey, England","1342352","PRO","5624","107",,"13","Alexander BUTS","M","46","M","St P Port, Guernsey, Channel Islands","Boarder","Navy Pensioner"
"Dwelling","5 Gibsons Row","Tweedmouth, Northumberland, England","1342239","PRO","5131","99",,"26","Alexander WHITEFORD","M","41","M","Spittal, Northumberland, England","Head","Fisherman"
"Dwelling","5 Gibsons Row","Tweedmouth, Northumberland, England","1342239","PRO","5131","99",,"26","Ann WHITEFORD","M","40","F","Spittal, Northumberland, England","Wife",""
"Dwelling","5 Gibsons Row","Tweedmouth, Northumberland, England","1342239","PRO","5131","99",,"26","Ann WHITEFORD","","9","F","Spittal, Northumberland, England","Daur","Scholar"
"Dwelling","5 Gibsons Row","Tweedmouth, Northumberland, England","1342239","PRO","5131","99",,"26","Francis WHITEFORD","","7","F","Spittal, Northumberland, England","Daur","Scholar"
"Dwelling","5 Gibsons Row","Tweedmouth, Northumberland, England","1342239","PRO","5131","99",,"26","Jane WHITEFORD","","4","F","Spittal, Northumberland, England","Daur","Scholar"
"Dwelling","5 Gibsons Row","Tweedmouth, Northumberland, England","1342239","PRO","5131","99",,"26","James WHITEFORD","","1","M","Spittal, Northumberland, England","Son",""
"Vessel","""Monarch""","Royal Navy, At sea or in a foreign port.","1342355","PRO","5636","10",,"17","William James BRATT","U","20","M","London St Pancras, London, Middlesex, England","","Bandsman"
"Vessel","""Monarch""","Royal Navy, At sea or in a foreign port.","1342355","PRO","5636","10",,"17","William MC COY","U","25","M","Devonport Stoke Damerel","","Naval Schoolmaster"
"Vessel","""Monarch""","Royal Navy, At sea or in a foreign port.","1342355","PRO","5636","10",,"17","Walter LEWERY","U","20","M","London, Middlesex, England","","Bandsman"
"Vessel","""Monarch""","Royal Navy, At sea or in a foreign port.","1342355","PRO","5636","10",,"17","Charles WHITFORD","U","39","M","Devonport, Devon, England","","Bandsman"
"Vessel","""Monarch""","Royal Navy, At sea or in a foreign port.","1342355","PRO","5636","10",,"17","John SEAWARD","U","23","M","Morton Bishop, Devon, England","","Stoker"
"Vessel","""Monarch""","Royal Navy, At sea or in a foreign port.","1342355","PRO","5636","10",,"17","John William WILTON","U","23","M","Bigbury, Devon, England","","Stoker"
"Vessel","""Monarch""","Royal Navy, At sea or in a foreign port.","1342355","PRO","5636","10",,"17","Henry JOHNSON","U","19","M","Greenwich, Kent, England","","Bandsman"
"Vessel","""Monarch""","Royal Navy, At sea or in a foreign port.","1342355","PRO","5636","10",,"17","William SPILLANE","U","23","M","Cork Passage","","Stoker"
"Vessel","""Monarch""","Royal Navy, At sea or in a foreign port.","1342355","PRO","5636","10",,"17","John MOTHERWAY","U","21","M","Cork Ightennorough","","A B"
"Vessel","""Monarch""","Royal Navy, At sea or in a foreign port.","1342355","PRO","5636","10",,"17","George William SISLEY","U","21","M","Willesden, Middlesex, England","","A B"
"Vessel","""Monarch""","Royal Navy, At sea or in a foreign port.","1342355","PRO","5636","10",,"17","James Joseph FINCH","U","21","M","St John, Monmouth, England","","Leading Seaman"
"Vessel","""Monarch""","Royal Navy, At sea or in a foreign port.","1342355","PRO","5636","10",,"17","Charles Albert WEIGHT","U","21","M","Jersey, Channel Islands","","A B"
"Vessel","""Monarch""","Royal Navy, At sea or in a foreign port.","1342355","PRO","5636","10",,"17","William DAWES","U","21","M","Stonehouse, Devon, England","","A B"
"Vessel","""Monarch""","Royal Navy, At sea or in a foreign port.","1342355","PRO","5636","10",,"17","John QUILLIGAN","U","26","M","Cork, Ireland","","Tinsmith"
"Vessel","""Monarch""","Royal Navy, At sea or in a foreign port.","1342355","PRO","5636","10",,"17","Joseph GIBBS","U","21","M","Notting Hill, Middlesex, England","","A B"
"Vessel","""Monarch""","Royal Navy, At sea or in a foreign port.","1342355","PRO","5636","10",,"17","Edward THOMPSON","U","21","M","Portsea, Hampshire, England","","A B"
"Vessel","""Monarch""","Royal Navy, At sea or in a foreign port.","1342355","PRO","5636","10",,"17","Charles KING","U","24","M","Devonport, Devon, England","","Captains Cooks Mate"
"Vessel","""Monarch""","Royal Navy, At sea or in a foreign port.","1342355","PRO","5636","10",,"17","Frederick COURTS","U","24","M","Liskeard, Cornwall, England","","A B"
"Vessel","""Monarch""","Royal Navy, At sea or in a foreign port.","1342355","PRO","5636","10",,"17","Edwin Sydney HARLAND","U","21","M","Southampton St Marys","","Leading Seaman"
"Vessel","""Monarch""","Royal Navy, At sea or in a foreign port.","1342355","PRO","5636","10",,"17","William FOSTER","U","21","M","Greenwich, Kent, England","","A B"
"Dwelling","No 18 Pollet St.","St Peter-Port, Guernsey, England","1342352","PRO","5624","27",,"9","John WHITFORD","M","38","M","St Peter Port, Guernsey, Channel Islands","Head","Labourer"
"Dwelling","No 18 Pollet St.","St Peter-Port, Guernsey, England","1342352","PRO","5624","27",,"9","Louisa WHITFORD","M","34","F","St Peter Port, Guernsey, Channel Islands","Wife","Cook (N D)"
"Dwelling","No 18 Pollet St.","St Peter-Port, Guernsey, England","1342352","PRO","5624","27",,"9","Louisa M. WHITFORD","U","13","F","St Peter Port, Guernsey, Channel Islands","Daur","Scholar"
"Dwelling","No 18 Pollet St.","St Peter-Port, Guernsey, England","1342352","PRO","5624","27",,"9","George H. WHITFORD","","10","M","St Peter Port, Guernsey, Channel Islands","Son","Scholar"
"Dwelling","No 18 Pollet St.","St Peter-Port, Guernsey, England","1342352","PRO","5624","27",,"9","Florence WHITFORD","","8","F","St Peter Port, Guernsey, Channel Islands","Daur","Scholar"
"Dwelling","No 18 Pollet St.","St Peter-Port, Guernsey, England","1342352","PRO","5624","27",,"9","William C. WHITFORD","","5","M","St Peter Port, Guernsey, Channel Islands","Son","Scholar"
"Dwelling","No 18 Pollet St.","St Peter-Port, Guernsey, England","1342352","PRO","5624","27",,"9","Edward WHITFORD","","3","M","St Peter Port, Guernsey, Channel Islands","Son","Scholar"
"Dwelling","83 Harriet Road","Byker, Northumberland, England","1342224","PRO","5069","20",,"31","John WHITEFORD","M","35","M","Whitley, Northumberland, England","Head","Engine Fitter At Works"
"Dwelling","83 Harriet Road","Byker, Northumberland, England","1342224","PRO","5069","20",,"31","Elizabeth WHITEFORD","M","35","F","Walker, Northumberland, England","Wife",""
"Dwelling","83 Harriet Road","Byker, Northumberland, England","1342224","PRO","5069","20",,"31","William R. WHITEFORD","U","16","M","Walker, Northumberland, England","Son","Striker & Blacksmith In Iron Ship Yard"
"Dwelling","83 Harriet Road","Byker, Northumberland, England","1342224","PRO","5069","20",,"31","Matthew WHITEFORD","","12","M","Walker, Northumberland, England","Son","Scholar"
"Dwelling","Lintz Colliery","Tanfield, Durham, England","1342188","PRO","4942","42",,"21","James T. WHITEFORD","M","31","M","Amble, Northumberland, England","Head","Agent For Coals Cone & Bricks"
"Dwelling","Lintz Colliery","Tanfield, Durham, England","1342188","PRO","4942","42",,"21","Margaret WHITEFORD","M","33","F","Winlaton, Durham, England","Wife","Agents Wife"
"Dwelling","Lintz Colliery","Tanfield, Durham, England","1342188","PRO","4942","42",,"21","Elizabeth A. WHITEFORD","","8","F","Tanfield, Durham, England","Daur","Scholar"
"Dwelling","Lintz Colliery","Tanfield, Durham, England","1342188","PRO","4942","42",,"21","John Robt. WHITEFORD","","7","M","Tanfield, Durham, England","Son","Scholar"
"Dwelling","Lintz Colliery","Tanfield, Durham, England","1342188","PRO","4942","42",,"21","Ethel Isa. WHITEFORD","","5","F","Tanfield, Durham, England","Daur","Scholar"
"Dwelling","Lintz Colliery","Tanfield, Durham, England","1342188","PRO","4942","42",,"21","Elizabeth A. WHITEFORD","W","63","F","Alwinton, Northumberland, England","Mother","Agents Mother"
"Dwelling","Lintz Colliery","Tanfield, Durham, England","1342188","PRO","4942","42",,"21","Elizabeth J. LAWS","U","27","F","Winlaton, Durham, England","Sister In Law",""
"Dwelling","Lintz Colliery","Tanfield, Durham, England","1342188","PRO","4942","42",,"21","Isabella CARR","U","17","F","Burnopfield, Durham, England","Serv","Domestic Servt"
"Dwelling","16 Hare & Hound Lane","(St Cuthbert W/O) Botchergate, Cumberland, England","1342244","PRO","5155","129",,"10","Sarah WHITFORD","M","33","F","Brampton, Cumberland, England","Head","Pern Winder Cotton Mill (Cm)"
"Dwelling","16 Hare & Hound Lane","(St Cuthbert W/O) Botchergate, Cumberland, England","1342244","PRO","5155","129",,"10","Isabella WHITFORD","","9","F","Birkenhead, Cheshire, England","Daur","Scholar"
"Dwelling","16 Hare & Hound Lane","(St Cuthbert W/O) Botchergate, Cumberland, England","1342244","PRO","5155","129",,"10","Annie WHITFORD","","7","F","Birkenhead, Cheshire, England","Daur","Scholar"
"Dwelling","16 Hare & Hound Lane","(St Cuthbert W/O) Botchergate, Cumberland, England","1342244","PRO","5155","129",,"10","William J. WHITFORD","","2","M","Carlisle, Cumberland, England","Son",""
"Dwelling","Seahouses","North Sunderland, Northumberland, England","1342238","PRO","5127","34",,"4","Thomas WALKER","U","53","M","No Sunderland, Northumberland, England","Head","Masons Laborer"
"Dwelling","Seahouses","North Sunderland, Northumberland, England","1342238","PRO","5127","34",,"4","Margaret WHITFORD","U","31","F","No Sunderland, Northumberland, England","Neice","House Keeper"
"Dwelling","Seahouses","North Sunderland, Northumberland, England","1342238","PRO","5127","34",,"4","Phillis WHITFORD","U","9","F","Belford, Northumberland, England","Neice","Scholar"
"Dwelling","66 Canada St","Newcastle On Tyne All Sts, Northumberland, England","1342222","PRO","5063","79",,"42","John RICHMOND","M","26","M","Kelso, Scotland","Head","Engine Fitter At Factory"
"Dwelling","66 Canada St","Newcastle On Tyne All Sts, Northumberland, England","1342222","PRO","5063","79",,"42","Grace RICHMOND","M","26","F","Bamburgh, Northumberland, England","Wife",""
"Dwelling","66 Canada St","Newcastle On Tyne All Sts, Northumberland, England","1342222","PRO","5063","79",,"42","Alice RICHMOND","","11","m","F	Newcastle On Tyne","Daur",""
"Dwelling","66 Canada St","Newcastle On Tyne All Sts, Northumberland, England","1342222","PRO","5063","79",,"42","Thomas WHITFORD","U","28","M","Newcastle On Tyne","Lodger","Hatter"
"Dwelling","112 Milburn St","Caldewgate, Cumberland, England","1342245","PRO","5159","70",,"35","William J. WHITFORD","M","28","M","Carlisle, Cumberland, England","Head","Calico Printer"
"Dwelling","112 Milburn St","Caldewgate, Cumberland, England","1342245","PRO","5159","70",,"35","Hannah WHITFORD","M","27","F","Carlisle, Cumberland, England","Wife",""
"Dwelling","112 Milburn St","Caldewgate, Cumberland, England","1342245","PRO","5159","70",,"35","Jane A. WHITFORD","","8","m","F	Carlisle, Cumberland, England","Daur",""
"Dwelling","9 Byron Street","Newcastle On Tyne St Andrew, Northumberland, England","1342220","PRO","5057","128",,"2","George WHITFORD","W","25","M","Newcastle","Head","House Joiner"
"Dwelling","9 Byron Street","Newcastle On Tyne St Andrew, Northumberland, England","1342220","PRO","5057","128",,"2","James WHITFORD","U","5","M","Middlesboro","Son","Scholar"
"Dwelling","9 Byron Street","Newcastle On Tyne St Andrew, Northumberland, England","1342220","PRO","5057","128",,"2","Pricilla WHITFORD","U","3","F","Newcastle","Daughter",""
"Dwelling","9 Byron Street","Newcastle On Tyne St Andrew, Northumberland, England","1342220","PRO","5057","128",,"2","Rebecca WHITFORD","U","2","F","Newcastle","Daughter",""
"Dwelling","7 Claremont Street","Gateshead, Durham, England","1342213","PRO","5033","30",,"2","John MC DOUGAL","M","25","M","Stannington, Durham, England","Head","Fireman"
"Dwelling","7 Claremont Street","Gateshead, Durham, England","1342213","PRO","5033","30",,"2","Margaret MC DOUGAL","M","26","F","Gateshead, Durham, England","Wife","Fireman Wife"
"Dwelling","7 Claremont Street","Gateshead, Durham, England","1342213","PRO","5033","30",,"2","George MC DOUGAL","U","2","M","Gateshead, Durham, England","Son",""
"Dwelling","7 Claremont Street","Gateshead, Durham, England","1342213","PRO","5033","30",,"2","William MC DOUGAL","U","2","m","M	Gateshead, Durham, England","Son",""
"Dwelling","7 Claremont Street","Gateshead, Durham, England","1342213","PRO","5033","30",,"2","Eliza WHITFORD","W","24","F","Gateshead, Durham, England","Boarder","Grocers Assistants Widow"
"Dwelling","7 Claremont Street","Gateshead, Durham, England","1342213","PRO","5033","30",,"2","Matthew WHITFORD","U","2","m","M	Gateshead, Durham, England","Son Of Boarder",""
"Dwelling","7 Claremont Street","Gateshead, Durham, England","1342213","PRO","5033","30",,"2","Thomas MC DOUGAL","U","21","M","Stannington ((Liverpool)), Lancashire, England","Visitor","Tailor"
"Dwelling","","Kenton, Northumberland, England","1342231","PRO","5097","23",,"5","Susanna REAY","W","82","F","Newcastle On Tyne","Head","Annuitant"
"Dwelling","","Kenton, Northumberland, England","1342231","PRO","5097","23",,"5","Richard REAY","U","52","M","Gosforth, Northumberland, England","Son","Ag Lab (Unemployed)"
"Dwelling","","Kenton, Northumberland, England","1342231","PRO","5097","23",,"5","Elizath REAY","U","43","F","Gosforth, Northumberland, England","Daur","Annuitant"
"Dwelling","","Kenton, Northumberland, England","1342231","PRO","5097","23",,"5","Ellen WHITFORD","U","24","F","Walker, Northumberland, England","Servant","Domestic"
"Dwelling","1 Fendle St (Star Hotel)","Alnwick, Northumberland, England","1342237","PRO","5122","39",,"1","Ralph RENNISON","M","56","M","Alnwick, Northumberland, England","Head","Innkeeper"
"Dwelling","1 Fendle St (Star Hotel)","Alnwick, Northumberland, England","1342237","PRO","5122","39",,"1","Eliza RENNISON","M","52","F","Scotland","Wife","Innkeeper Wife"
"Dwelling","1 Fendle St (Star Hotel)","Alnwick, Northumberland, England","1342237","PRO","5122","39",,"1","Barbara WHITEFORD","U","23","F","Scotland","Daur","Innkeeper Daughter"
"Dwelling","1 Fendle St (Star Hotel)","Alnwick, Northumberland, England","1342237","PRO","5122","39",,"1","James WHITEFORD","U","21","M","Scotland","Son","Ostler ((Hot Ser)) (H Man)"
"Dwelling","1 Fendle St (Star Hotel)","Alnwick, Northumberland, England","1342237","PRO","5122","39",,"1","Malcolm WHITEFORD","U","18","M","Scotland","Son","Joiners Apprentice"
"Dwelling","1 Fendle St (Star Hotel)","Alnwick, Northumberland, England","1342237","PRO","5122","39",,"1","Ewen WHITEFORD","U","17","M","Scotland","Son","Ostler (H M)"
"Dwelling","1 Fendle St (Star Hotel)","Alnwick, Northumberland, England","1342237","PRO","5122","39",,"1","David WHITEFORD","U","12","M","Scotland","Son","Scholar"
"Dwelling","1 Fendle St (Star Hotel)","Alnwick, Northumberland, England","1342237","PRO","5122","39",,"1","Mary WHITEFORD","U","8","F","Rothbury, Northumberland, England","Daur","Scholar"
"Dwelling","1 Fendle St (Star Hotel)","Alnwick, Northumberland, England","1342237","PRO","5122","39",,"1","Eliza JONES","U","25","F","Scotland","Servant","Domestic Servant"
"Dwelling","1 Fendle St (Star Hotel)","Alnwick, Northumberland, England","1342237","PRO","5122","39",,"1","Eliza ANDERSON","U","52","F","Errington, Northumberland, England","Servant","Cook"
"Dwelling","1 Fendle St (Star Hotel)","Alnwick, Northumberland, England","1342237","PRO","5122","39",,"1","Mary CONSIN","U","22","F","Barlow, York, England","Servant","Housemaid"
"Dwelling","1 Fendle St (Star Hotel)","Alnwick, Northumberland, England","1342237","PRO","5122","39",,"1","Mary MC FAWDEN","U","21","F","Lorbottle, Northumberland, England","Servant","Housemaid"
"Dwelling","1 Fendle St (Star Hotel)","Alnwick, Northumberland, England","1342237","PRO","5122","39",,"1","Bessie STEVENSON","U","30","F","Boulmer, Northumberland, England","Servant","Kitchen Maid"
"Dwelling","1 Fendle St (Star Hotel)","Alnwick, Northumberland, England","1342237","PRO","5122","39",,"1","Michael MC DONALD","U","22","M","Eglingham, Northumberland, England","Servant","Boots Hotel Serv"
"Dwelling","1 Fendle St (Star Hotel)","Alnwick, Northumberland, England","1342237","PRO","5122","39",,"1","R.N. THOMPSON","U","25","M","Scotland","Servant","Bus Driver"
"Dwelling","1 Fendle St (Star Hotel)","Alnwick, Northumberland, England","1342237","PRO","5122","39",,"1","William James ROSE","M","50","M","Halesowen, Worcester, England","None","Commercial Traveller"
"Dwelling","","Prudhoe Castle, Northumberland, England","1342232","PRO","5101","101",,"21","John COOK","M","50","M","Leamington, Northumberland, England","Head","Coal Miner"
"Dwelling","","Prudhoe Castle, Northumberland, England","1342232","PRO","5101","101",,"21","Mary COOK","M","49","F","Wide Open, Northumberland, England","Wife",""
"Dwelling","","Prudhoe Castle, Northumberland, England","1342232","PRO","5101","101",,"21","Fenwick COOK","U","22","M","Mickley, Northumberland, England","Son","Coal Miner"
"Dwelling","","Prudhoe Castle, Northumberland, England","1342232","PRO","5101","101",,"21","Mary COOK","U","14","F","Low Prudhoe, Northumberland, England","Daur",""
"Dwelling","","Prudhoe Castle, Northumberland, England","1342232","PRO","5101","101",,"21","Fenwick WHITEFORD","U","21","M","Mickley, Northumberland, England","Nephew","Coal Miner"
"Dwelling","","Prudhoe Castle, Northumberland, England","1342232","PRO","5101","101",,"21","Thomas MC CABE","U","22","M","Scotland","Boarder","Coal Miner"
"Dwelling","Chipchase Castle","Chollerton, Northumberland, England","1342233","PRO","5107","82",,"9","Thomas TAYLOR","M","31","M","London, Middlesex, England","Head","Coal Owner"
"Dwelling","Chipchase Castle","Chollerton, Northumberland, England","1342233","PRO","5107","82",,"9","Maria N. TAYLOR","M","28","F","Anglesea, Wales","Wife",""
"Dwelling","Chipchase Castle","Chollerton, Northumberland, England","1342233","PRO","5107","82",,"9","Hugh TAYLOR","","3","m","M	Newcastle","Son",""
"Dwelling","Chipchase Castle","Chollerton, Northumberland, England","1342233","PRO","5107","82",,"9","Grace WATSON","U","78","F","Bamboro, Northumberland, England","Serv","Housekeeper Dom Serv"
"Dwelling","Chipchase Castle","Chollerton, Northumberland, England","1342233","PRO","5107","82",,"9","John KILLORN","U","24","M","Stamfordham, Northumberland, England","Serv","Footman Dom Serv"
"Dwelling","Chipchase Castle","Chollerton, Northumberland, England","1342233","PRO","5107","82",,"9","Mary RICHARDSON","U","42","F","Bellingham, Northumberland, England","Serv","Cook Dom Serv"
"Dwelling","Chipchase Castle","Chollerton, Northumberland, England","1342233","PRO","5107","82",,"9","Mary ROGAN","U","24","F","Whitehaven, Cumberland, England","Serv","Housemaid Dom Serv"
"Dwelling","Chipchase Castle","Chollerton, Northumberland, England","1342233","PRO","5107","82",,"9","Helen WHITFORD","U","21","F","Plymouth, Devon, England","Serv","Kitchenmaid Dom Serv"
"Dwelling","Chipchase Castle","Chollerton, Northumberland, England","1342233","PRO","5107","82",,"9","Caroline C. MILLER","U","39","F","Cambridge, England","Serv","Nurse Dom Serv"
"Dwelling","Chipchase Castle","Chollerton, Northumberland, England","1342233","PRO","5107","82",,"9","Lucretia KNIGHT","U","32","F","Teignmouth, Devon, England","Serv","Ladys Maid Dom Serv"
"Dwelling","Chipchase Castle","Chollerton, Northumberland, England","1342233","PRO","5107","82",,"9","Jane HENDERSON","U","24","F","Durham, England","Serv","Housemaid Dom Serv"
"Dwelling","Chipchase Castle","Chollerton, Northumberland, England","1342233","PRO","5107","82",,"9","Margret CAMERON","U","35","F","Scotland","Serv","Laundrey Maid Dom Serv"
"Dwelling","20 Clayton St West Alexander Hotel","Newcastle On Tyne St John, Northumberland, England","1342221","PRO","5061","101",,"18","Maria ABRAM","U","25","F","Brough, Westmorland, England","Manageress (Head)","Manageress Of Hotel"
"Dwelling","20 Clayton St West Alexander Hotel","Newcastle On Tyne St John, Northumberland, England","1342221","PRO","5061","101",,"18","Ann ALLET","U","24","F","Farnham, Surrey, England","Serv","Barmaid (Dom Serv)"
"Dwelling","20 Clayton St West Alexander Hotel","Newcastle On Tyne St John, Northumberland, England","1342221","PRO","5061","101",,"18","Emma LUPTON","U","26","F","Eccleshill Bradford","Serv","Barmaid (Dom Serv)"
"Dwelling","20 Clayton St West Alexander Hotel","Newcastle On Tyne St John, Northumberland, England","1342221","PRO","5061","101",,"18","Ann JARVIS","U","27","F","Fairdington, York, England","Serv","Domestic Servant"
"Dwelling","20 Clayton St West Alexander Hotel","Newcastle On Tyne St John, Northumberland, England","1342221","PRO","5061","101",,"18","Harriet CUMMING","U","25","F","Leamington, Warwick, England","Serv","Cook Servant"
"Dwelling","20 Clayton St West Alexander Hotel","Newcastle On Tyne St John, Northumberland, England","1342221","PRO","5061","101",,"18","Elizabeth CRISP","U","34","F","Berwick On Tweed","Serv","Domestic Servant"
"Dwelling","20 Clayton St West Alexander Hotel","Newcastle On Tyne St John, Northumberland, England","1342221","PRO","5061","101",,"18","Teresa MOORS","U","22","F","Felling, Durham, England","Serv","Domestic Servant"
"Dwelling","20 Clayton St West Alexander Hotel","Newcastle On Tyne St John, Northumberland, England","1342221","PRO","5061","101",,"18","Sarah A. PEART","U","22","F","Wolsingham, Durham, England","Serv","Domestic Servant"
"Dwelling","20 Clayton St West Alexander Hotel","Newcastle On Tyne St John, Northumberland, England","1342221","PRO","5061","101",,"18","Isabella TUCK","U","20","F","Newcastle On Tyne","Serv","Domestic Servant"
"Dwelling","20 Clayton St West Alexander Hotel","Newcastle On Tyne St John, Northumberland, England","1342221","PRO","5061","101",,"18","Isabella ROBSON","U","27","F","Walbottle, Northumberland, England","Serv","Domestic Servant"
"Dwelling","20 Clayton St West Alexander Hotel","Newcastle On Tyne St John, Northumberland, England","1342221","PRO","5061","101",,"18","Sarah GRIFON","U","24","F","Belfast, Ireland","Serv","Domestic Servant"
"Dwelling","20 Clayton St West Alexander Hotel","Newcastle On Tyne St John, Northumberland, England","1342221","PRO","5061","101",,"18","Charlotte COBBON","U","19","F","Wellington, Shropshire, England","Serv","Domestic Servant"
"Dwelling","20 Clayton St West Alexander Hotel","Newcastle On Tyne St John, Northumberland, England","1342221","PRO","5061","101",,"18","William HADDOCK","U","21","M","Catterick, York, England","Serv","Domestic Servant"
"Dwelling","20 Clayton St West Alexander Hotel","Newcastle On Tyne St John, Northumberland, England","1342221","PRO","5061","101",,"18","Isaac MAUDLIN","U","22","M","Lowfell, Durham, England","Serv","Domestic Servant"
"Dwelling","20 Clayton St West Alexander Hotel","Newcastle On Tyne St John, Northumberland, England","1342221","PRO","5061","101",,"18","John HADAWAY","U","19","M","North Shields, Northumberland, England","Serv","Domestic Servant"
"Dwelling","20 Clayton St West Alexander Hotel","Newcastle On Tyne St John, Northumberland, England","1342221","PRO","5061","101",,"18","Matthew WHITFORD","U","21","M","Gateshead, Durham, England","Serv","Billiard Marker"
"Dwelling","20 Clayton St West Alexander Hotel","Newcastle On Tyne St John, Northumberland, England","1342221","PRO","5061","101",,"18","Hugh (Jnr) LAMBERT","M","34","M","Glasgow, Scotland","Visitor","Merchant"
"Dwelling","20 Clayton St West Alexander Hotel","Newcastle On Tyne St John, Northumberland, England","1342221","PRO","5061","101",,"18","George J. BAKER","M","36","M","London, London, Middlesex, England","Visitor","Commercial Traveller"
"Dwelling","20 Clayton St West Alexander Hotel","Newcastle On Tyne St John, Northumberland, England","1342221","PRO","5061","101",,"18","George H. DONKERSLEY","U","35","M","Horten W...","Visitor","Commercial Traveller"
"Dwelling","20 Clayton St West Alexander Hotel","Newcastle On Tyne St John, Northumberland, England","1342221","PRO","5061","101",,"18","Samuel DAVIS","U","30","M","Wrexford","Visitor","Commercial Traveller"
"Dwelling","20 Clayton St West Alexander Hotel","Newcastle On Tyne St John, Northumberland, England","1342221","PRO","5061","101",,"18","David GREIG","U","33","M","Edinburgh, Scotland","Visitor","Engineer"
"Dwelling","20 Clayton St West Alexander Hotel","Newcastle On Tyne St John, Northumberland, England","1342221","PRO","5061","101",,"18","P.M. DOYLE","U","27","M","B Land","Visitor","Engineer"
"Dwelling","20 Clayton St West Alexander Hotel","Newcastle On Tyne St John, Northumberland, England","1342221","PRO","5061","101",,"18","J.P. POE","M","65","M","Ireland","Visitor","Engineer"
"Dwelling","20 Clayton St West Alexander Hotel","Newcastle On Tyne St John, Northumberland, England","1342221","PRO","5061","101",,"18","A. HAY","U","22","M","Falkirk","Visitor","Iron Founder"
"Dwelling","20 Clayton St West Alexander Hotel","Newcastle On Tyne St John, Northumberland, England","1342221","PRO","5061","101",,"18","Henry ARCHER","U","25","M","Cheltenham, Gloucester, England","Visitor","Commision Agent"
"Dwelling","20 Clayton St West Alexander Hotel","Newcastle On Tyne St John, Northumberland, England","1342221","PRO","5061","101",,"18","Henry WILSON","U","27","M","Wednesbury, Stafford, England","Visitor","Commision Agent"
"Dwelling","20 Clayton St West Alexander Hotel","Newcastle On Tyne St John, Northumberland, England","1342221","PRO","5061","101",,"18","John MIREHOUSE","U","53","M","Whitehaven, Cumberland, England","Visitor","Master Mariner (Seaman)"
"Dwelling","20 Clayton St West Alexander Hotel","Newcastle On Tyne St John, Northumberland, England","1342221","PRO","5061","101",,"18","Florence E. OFFORD","U","22","F","Plymouth, Devon, England","Visitor",""
"Dwelling","20 Clayton St West Alexander Hotel","Newcastle On Tyne St John, Northumberland, England","1342221","PRO","5061","101",,"18","Rathburn HINKEL","U","17","F","London, London, Middlesex, England","Visitor",""
"Dwelling","Seahouses","North Sunderland, Northumberland, England","1342238","PRO","5127","39",,"13","George NELSON","M","29","M","N Sundld, Northumberland, England","Head","Fisherman"
"Dwelling","Seahouses","North Sunderland, Northumberland, England","1342238","PRO","5127","39",,"13","Isabella J. NELSON","M","30","F","No Sunderland, Northumberland, England","Wife","Fishermans Wife"
"Dwelling","Seahouses","North Sunderland, Northumberland, England","1342238","PRO","5127","39",,"13","Margaret NELSON","U","7","F","No Sunderland, Northumberland, England","Daur","Scholar"
"Dwelling","Seahouses","North Sunderland, Northumberland, England","1342238","PRO","5127","39",,"13","Phillis A. NELSON","U","3","F","No Sunderland, Northumberland, England","Daur","Scholar"
"Dwelling","Seahouses","North Sunderland, Northumberland, England","1342238","PRO","5127","39",,"13","Robert NELSON","","1","M","No Sunderland, Northumberland, England","Son",""
"Dwelling","Seahouses","North Sunderland, Northumberland, England","1342238","PRO","5127","39",,"13","Elizabeth WHITEFORD","U","20","F","No Sunderland, Northumberland, England","Sis In Law","Herring Worker (Seam)"
"Dwelling","240 Church Street","Longbenton, Northumberland, England","1342228","PRO","5084","40",,"27","John WHITEFORD","M","19","M","Walker, Northumberland, England","Head","Platers Labourer (Artz)"
"Dwelling","240 Church Street","Longbenton, Northumberland, England","1342228","PRO","5084","40",,"27","Rose A. WHITEFORD","M","18","F","Newcastle, Northumberland, England","Wife",""
"Dwelling","240 Church Street","Longbenton, Northumberland, England","1342228","PRO","5084","40",,"27","Jane A. GORDEN","U","17","F","Newcastle, Northumberland, England","Servant","Domestic Servant"
"Dwelling","105 Howard St (Commercial Hotel)","Tynemouth, Northumberland, England","1342227","PRO","5080","8",,"9","Thomas HART","M","42","M","Hexham, Northumberland, England","Head","Hotel Manager"
"Dwelling","105 Howard St (Commercial Hotel)","Tynemouth, Northumberland, England","1342227","PRO","5080","8",,"9","Mary HART","M","42","F","Bishop Aukland, Durham, England","Wife","Hotel Manager Wife"
"Dwelling","105 Howard St (Commercial Hotel)","Tynemouth, Northumberland, England","1342227","PRO","5080","8",,"9","Annie HART","U","13","F","N Castle, Northumberland, England","Daur","Hotel Manager Daur"
"Dwelling","105 Howard St (Commercial Hotel)","Tynemouth, Northumberland, England","1342227","PRO","5080","8",,"9","Ann Eliz. WHITFORD","U","18","F","Consett, Durham, England","Neice","Hotel Manager Neice"
